area,is_house,has_pool,age,price,lat,lon,rooms
81.01152935368363,0,0,0.19021730195209804,630.0,40.718433488869024,-74.00869943941048,-0.6489869933251974
99.96376787220595,0,0,-0.6903393592199618,772.0,40.70703655672786,-73.99882286547236,0.36461525221524077
137.0,0,0,-0.029921863340916913,214.0,-34.55022296767069,-58.39126792444024,1.378217497755679
71.99992574438626,1,1,-0.029921863340916913,751.0,40.72622343814479,-74.04392912201224,-0.6489869933251974
154.0,1,0,1.2909131284171729,273.0,-34.56352457846761,-58.347365081459614,1.378217497755679
65.9612222948571,0,0,-0.6903393592199618,493.0,40.70615895650401,-74.0217395399245,-0.6489869933251974
128.0,0,0,-0.25006102863393187,247.0,-34.6089085606826,-58.39292241614618,0.36461525221524077
129.9714788598663,0,0,0.19021730195209804,948.0,40.72249326969758,-73.97726764483569,1.378217497755679
103.0,1,0,1.0707739631241577,190.0,-34.57367874000471,-58.4600960371477,0.36461525221524077
47.0,1,0,0.410356467245113,93.0,-34.640750345622635,-58.43088241849546,-1.6625892388656356
104.98053689181481,0,1,-1.1306176898059916,903.0,40.69053601025058,-74.01399100913282,0.36461525221524077
94.01796755266953,0,0,-1.1306176898059916,1169.0,40.71193861764822,-74.00625513326035,0.36461525221524077
40.0,0,0,0.6304956325381279,65.0,-34.606323366650415,-58.29995803515639,-1.6625892388656356
103.0,0,0,-1.1306176898059916,184.0,-34.53139306344824,-58.41969807757302,0.36461525221524077
93.0,1,0,0.410356467245113,176.0,-34.62244552493263,-58.426856566161526,-0.6489869933251974
227.0,1,0,1.9513306242962176,388.0,-34.56397963203994,-58.41327481071831,2.391819743296117
51.0,1,1,-0.029921863340916913,112.0,-34.545128885685976,-58.36481674124256,-0.6489869933251974
77.0,1,0,0.410356467245113,147.0,-34.63038847682812,-58.40161918306062,-0.6489869933251974
92.0,1,0,-0.6903393592199618,175.0,-34.596283384304634,-58.3467474960838,0.36461525221524077
147.0,1,0,0.19021730195209804,279.0,-34.53251398458151,-58.41281143164861,1.378217497755679
108.0,1,0,1.0707739631241577,189.0,-34.554458247187306,-58.39365113022453,0.36461525221524077
61.03735640524099,0,0,0.6304956325381279,482.0,40.7178180934389,-74.0088558812103,-0.6489869933251974
140.0,1,0,0.6304956325381279,250.0,-34.55477986050988,-58.35307479446712,1.378217497755679
138.0,0,1,-0.9104785245129767,255.0,-34.55627761741919,-58.33316907770323,1.378217497755679
53.976718525791505,0,0,-0.25006102863393187,397.0,40.70563045558001,-74.02457227953127,-0.6489869933251974
94.01796755266953,0,0,-0.48734464518592213,686.0,40.70784218600212,-74.03137113039966,0.36461525221524077
104.98053689181481,0,0,-1.1306176898059916,814.0,40.72031176659963,-73.99659479457425,0.36461525221524077
61.96638770516856,0,0,-0.029921863340916913,455.0,40.69827215461736,-73.97514378809244,-0.6489869933251974
98.0,1,1,-0.6903393592199618,207.0,-34.64188007852373,-58.45264397551888,0.36461525221524077
74.97282590415446,1,0,0.6739011557022482,693.0,40.68786707611936,-74.02508509829303,-1.6625892388656356
119.0,0,0,-0.5060498631537248,242.0,-34.59732282701976,-58.37190554558401,1.378217497755679
121.98180968048923,0,0,-1.3507568550990066,1220.0,40.7110743947741,-74.00530739170945,1.378217497755679
131.0,0,0,-0.5165522729906757,255.0,-34.60894868372801,-58.470744839810735,1.378217497755679
51.003818366023296,1,0,0.6962605657038823,461.0,40.67181659171211,-74.02645581403672,-0.6489869933251974
74.0,1,0,-0.029921863340916913,144.0,-34.6186315573452,-58.39675291635693,-0.6489869933251974
102.0,1,0,0.8506347978311429,176.0,-34.609664326557166,-58.45950791673753,0.36461525221524077
98.01280214235807,0,0,0.6304956325381279,707.0,40.71202737405175,-74.03225647128373,0.36461525221524077
79.0,1,0,1.2909131284171729,147.0,-34.6636095062096,-58.42986586485012,-0.6489869933251974
52.0,1,1,-0.9104785245129767,378.0,-34.603396429061654,-58.3816270846006,-0.6489869933251974
68.00509115469772,0,0,-0.029921863340916913,497.0,40.73327662634272,-74.02292923515668,-0.6489869933251974
110.0,1,0,-0.25006102863393187,216.0,-34.58550537023762,-58.46132173308809,0.36461525221524077
201.0,0,0,0.410356467245113,410.0,-34.60618062004655,-58.389308010623,2.391819743296117
95.96893328251743,1,0,1.7311914590032027,879.0,40.75214852733196,-74.00201609853491,0.36461525221524077
96.0,0,0,-1.1306176898059916,166.0,-34.5798665083263,-58.29894003431882,0.36461525221524077
95.96893328251743,0,0,0.6304956325381279,697.0,40.69005113743344,-73.97087491730886,0.36461525221524077
95.0,1,0,-0.029921863340916913,190.0,-34.611986045745994,-58.41579929725527,0.36461525221524077
51.003818366023296,0,0,-0.44806631362352733,396.0,40.70134243019882,-74.01225037189322,-0.6489869933251974
154.96242082791778,0,0,-0.9104785245129767,1195.0,40.70129718316698,-74.001766077921,1.378217497755679
80.0,1,0,0.67319280413022,148.0,-34.626940377933686,-58.40332347643339,-0.6489869933251974
61.03735640524099,0,0,-0.9104785245129767,451.0,40.719244569451774,-73.963777314027,-0.6489869933251974
107.0,1,0,0.6495104084733552,185.0,-34.64792122720067,-58.3662814161016,0.36461525221524077
68.00509115469772,0,0,-0.4702001939269468,506.0,40.69132188104665,-73.9655695592159,-0.6489869933251974
73.0,1,1,0.410356467245113,139.0,-34.61667610938318,-58.30918854153366,-0.6489869933251974
57.04252181555247,0,0,0.19021730195209804,422.0,40.67797306576153,-73.99689253095649,-1.6625892388656356
78.03862919391543,0,0,0.19021730195209804,563.0,40.672378356048064,-74.0266174858059,-0.6489869933251974
64.0102565650092,0,0,-0.6903393592199618,481.0,40.67377126624984,-74.00629893138534,-0.6489869933251974
52.02575279594362,1,0,1.0707739631241577,618.0,40.71121447497297,-74.0055876696833,-0.6489869933251974
166.0178932970558,0,1,0.410356467245113,1367.0,40.7038377352948,-73.96809168425452,2.391819743296117
163.04499313728758,0,0,0.410356467245113,1227.0,40.7078433547854,-73.99353051799686,2.391819743296117
95.03990198258985,0,0,-1.1306176898059916,712.0,40.66581448044283,-74.0116215906916,0.36461525221524077
44.96511491649413,0,0,-0.4424294378902477,337.0,40.71931736816643,-74.01308168084476,-1.6625892388656356
67.0,0,0,-0.4600722176685026,116.0,-34.59086133975176,-58.38460694621666,-0.6489869933251974
106.0,0,0,0.410356467245113,193.0,-34.59285285927254,-58.38580882379287,-0.6489869933251974
99.96376787220595,0,0,-0.9104785245129767,751.0,40.70244837271499,-74.03398758482811,0.36461525221524077
69.02702558461804,0,0,-0.4702001939269468,516.0,40.707303115573644,-74.02545063656234,-0.6489869933251974
140.00501689908398,0,0,-1.1306176898059916,1350.0,40.711722549675976,-74.00423834214916,1.378217497755679
123.00374411040956,1,1,-0.029921863340916913,1262.0,40.69961701068264,-73.95840602718546,1.378217497755679
124.0,0,0,-0.4702001939269468,190.0,-34.5397777453872,-58.43759190132807,1.378217497755679
40.041249026878035,0,0,-1.5708960203920215,423.0,40.71183729916296,-74.0048798148068,-1.6625892388656356
135.0,0,0,1.0707739631241577,299.0,-34.60140884797462,-58.38690814020167,1.378217497755679
99.0,1,1,-0.6903393592199618,229.0,-34.60583919554468,-58.40359108770876,0.36461525221524077
87.0,0,0,0.19021730195209804,175.0,-34.59701843489766,-58.38640967463597,-0.6489869933251974
115.0140749310325,0,0,0.8506347978311429,836.0,40.716142575999335,-74.02388540756205,1.378217497755679
56.0,1,1,1.2909131284171729,102.0,-34.52716451607854,-58.35418094390485,-0.6489869933251974
75.0,1,1,0.67748553881997,155.0,-34.54738023389565,-58.42105282342908,-0.6489869933251974
112.0,1,0,-0.029921863340916913,210.0,-34.5645724851946,-58.37005940663499,0.36461525221524077
102.00763673204659,0,0,0.410356467245113,744.0,40.69050395581744,-73.99584994636798,0.36461525221524077
102.00763673204659,0,0,-1.3507568550990066,773.0,40.67182083689431,-73.97213049504994,0.36461525221524077
50.0,1,1,1.0707739631241577,99.0,-34.527893050625195,-58.33535081327279,-0.6489869933251974
60.01542197532068,0,1,-0.6903393592199618,508.0,40.74161521850638,-74.00108421432812,-0.6489869933251974
66.0,1,0,0.19021730195209804,115.0,-34.56195296529139,-58.388037154331066,-0.6489869933251974
64.0102565650092,0,0,-0.9104785245129767,479.0,40.75039658075027,-74.00825450935261,-0.6489869933251974
86.95732967322004,0,0,0.410356467245113,636.0,40.67862393807643,-73.99713093813726,-0.6489869933251974
113.0,1,0,1.5110522937101878,189.0,-34.66536640037226,-58.36089229227994,0.36461525221524077
104.0,1,0,1.2909131284171729,193.0,-34.55736612530671,-58.332732345422265,0.36461525221524077
99.0,0,0,-1.5708960203920215,245.0,-34.596663639352975,-58.38005076737392,0.36461525221524077
136.0,1,0,1.0707739631241577,259.0,-34.62930916579346,-58.39054493517567,1.378217497755679
114.0,1,0,-0.25006102863393187,222.0,-34.62169430186476,-58.42247049245244,0.36461525221524077
109.99730591142365,0,1,-0.5027427110029087,914.0,40.757624623006606,-74.0173077188167,0.36461525221524077
79.9895949237633,0,0,0.410356467245113,590.0,40.72649798811516,-74.01444042431994,-0.6489869933251974
68.0,0,0,0.6304956325381279,130.0,-34.61445783491645,-58.37572042423152,-0.6489869933251974
113.99214050111217,0,0,0.410356467245113,820.0,40.759425735288616,-74.01697999931856,0.36461525221524077
99.96376787220595,0,0,-1.5708960203920215,771.0,40.694820489538856,-74.02960906497148,0.36461525221524077
79.0,1,0,1.2909131284171729,145.0,-34.54236720438554,-58.332885725476174,-0.6489869933251974
70.97799131446594,0,0,-0.6903393592199618,615.0,40.71149193114883,-74.00294070478255,-1.6625892388656356
98.0,1,1,1.5110522937101878,192.0,-34.6184820931652,-58.34095479634122,0.36461525221524077
116.03600936095282,0,0,-0.5075882479233358,855.0,40.69553399880258,-74.01376315008253,0.36461525221524077
67.0,1,0,-0.25006102863393187,127.0,-34.65050102121263,-58.34232453995716,-1.6625892388656356
69.95605688454562,0,0,0.410356467245113,506.0,40.75759768652151,-74.03588503136531,-0.6489869933251974
100.98570230212627,0,0,-1.1306176898059916,762.0,40.67259285688717,-73.97015585034812,0.36461525221524077
57.0,1,0,0.6934034569729801,111.0,-34.58449260965327,-58.35525674475005,-0.6489869933251974
106.00247132173513,0,0,-0.498752363065019,836.0,40.71664538886,-73.96497993498724,0.36461525221524077
100.0,1,0,1.0707739631241577,173.0,-34.57361245035254,-58.34569191946534,0.36461525221524077
108.04634018157576,0,0,-0.500425715904912,821.0,40.69670531423145,-74.0100245629561,-0.6489869933251974
120.95987525056891,0,0,-0.5144772887673972,1245.0,40.71433395018743,-74.00606052646702,0.36461525221524077
138.0,1,0,2.1714697895892328,244.0,-34.63995899504035,-58.40113280145359,1.378217497755679
129.04244755993872,0,0,-2.0111743509780515,1051.0,40.72833807766527,-73.97789099634824,1.378217497755679
70.97799131446594,0,0,-1.3507568550990066,535.0,40.679067116296814,-73.9699901204788,-0.6489869933251974
176.0,1,0,1.5110522937101878,304.0,-34.54534516189391,-58.41725483944615,2.391819743296117
92.99603312274922,0,0,0.8506347978311429,671.0,40.70280186269815,-74.03877263446923,0.36461525221524077
98.0,0,0,-0.4877561507684159,232.0,-34.59152110442287,-58.38967177477458,0.36461525221524077
99.0,1,0,1.0707739631241577,185.0,-34.5932983392886,-58.41414764779076,0.36461525221524077
111.0,0,0,-1.1306176898059916,217.0,-34.615410941037986,-58.39012685958929,0.36461525221524077
138.0,0,0,-0.5223193349035692,209.0,-34.55147199550444,-58.33237662042362,1.378217497755679
98.0,1,0,0.19021730195209804,186.0,-34.64185122400002,-58.38379603678256,0.36461525221524077
96.0,0,0,-1.1306176898059916,169.0,-34.61952529126141,-58.43582889682919,-0.6489869933251974
129.9714788598663,0,0,-0.6903393592199618,979.0,40.68241708011237,-74.00462355472597,0.36461525221524077
126.99857870009808,0,0,1.0707739631241577,923.0,40.74274572722728,-74.00363555442743,1.378217497755679
61.96638770516856,0,0,0.6304956325381279,444.0,40.67030360957615,-73.98068501519131,-0.6489869933251974
91.0,0,1,-0.6903393592199618,168.0,-34.65778928150408,-58.37185576033775,-0.6489869933251974
61.96638770516856,0,0,-1.3507568550990066,470.0,40.66765664488727,-73.99799314202842,-0.6489869933251974
74.0,0,0,0.19021730195209804,130.0,-34.58761736317884,-58.4005292561697,-0.6489869933251974
78.0,0,1,0.19021730195209804,152.0,-34.588302536295984,-58.3701786055483,-0.6489869933251974
91.04506739290133,0,0,-0.48464364629397494,668.0,40.69798736663166,-74.04637167189654,-0.6489869933251974
74.97282590415446,0,0,0.19021730195209804,552.0,40.67650801575509,-73.96953345142468,-0.6489869933251974
109.99730591142365,0,1,-0.4702001939269468,1464.0,40.7123548654344,-74.0064067281479,0.36461525221524077
56.0,0,1,-1.7910351856850366,125.0,-34.63784043327181,-58.40609867498178,-0.6489869933251974
130.0,1,0,0.6292528118027145,229.0,-34.51995584248966,-58.35525354183303,1.378217497755679
57.04252181555247,0,0,-0.9104785245129767,431.0,40.74150365335903,-74.04578446648694,-0.6489869933251974
86.02829837329249,1,0,0.6304956325381279,793.0,40.71619009142467,-74.03438252933665,-0.6489869933251974
82.03346378360395,0,0,-1.7910351856850366,645.0,40.75615030544159,-73.98526312679368,-0.6489869933251974
88.0,1,0,0.410356467245113,178.0,-34.5849292417386,-58.381593915202885,-1.6625892388656356
67.0,1,1,0.8506347978311429,137.0,-34.60103075240538,-58.36082054003359,-0.6489869933251974
103.0,1,0,1.9513306242962176,203.0,-34.59722077196493,-58.36546478117447,0.36461525221524077
67.0,1,0,1.7311914590032027,119.0,-34.56422504174719,-58.31627615601354,-0.6489869933251974
95.96893328251743,0,0,-2.0111743509780515,784.0,40.71913935413911,-73.96137659316851,0.36461525221524077
125.97664427017776,0,1,0.19021730195209804,1240.0,40.71556876398939,-74.00588449757926,1.378217497755679
93.0,0,0,-1.3507568550990066,180.0,-34.60508362128149,-58.357423395549645,0.36461525221524077
73.02186017430658,0,0,-1.7910351856850366,602.0,40.72536615228916,-74.00515947611862,-1.6625892388656356
123.00374411040956,1,0,0.6292961833281399,1128.0,40.683223740666456,-74.04873172499653,1.378217497755679
94.01796755266953,0,0,-0.48743853284168426,700.0,40.75237857507617,-74.01050199748705,0.36461525221524077
89.00119853306069,0,0,-0.9104785245129767,666.0,40.71658292838012,-74.03047542187524,-0.6489869933251974
81.01152935368363,1,0,0.8506347978311429,747.0,40.70954842701702,-73.96462768423437,-0.6489869933251974
118.0,1,0,0.19021730195209804,214.0,-34.67202908862902,-58.43188642711857,1.378217497755679
57.0,0,0,-0.9104785245129767,95.0,-34.594260881973284,-58.36148620228475,-1.6625892388656356
130.99341328978662,0,0,-1.1306176898059916,987.0,40.704879834394816,-74.05823818951578,1.378217497755679
100.0,1,1,1.2909131284171729,199.0,-34.63084964679642,-58.459077833828765,0.36461525221524077
73.0,1,1,1.5110522937101878,142.0,-34.577909487829736,-58.35846241673685,-0.6489869933251974
108.04634018157576,0,0,-1.5708960203920215,828.0,40.75706452500063,-74.01225334543614,0.36461525221524077
117.0,0,0,-0.503985384951505,193.0,-34.58714949017225,-58.39214664693516,1.378217497755679
141.0,1,0,-0.4702001939269468,273.0,-34.51632317512653,-58.38111303836322,1.378217497755679
99.03473657227839,0,0,-2.0111743509780515,794.0,40.74640662077233,-74.04220105820279,0.36461525221524077
77.0,1,0,1.2909131284171729,133.0,-34.53598563124724,-58.39269929567443,-0.6489869933251974
133.9663134495548,0,0,1.0707739631241577,967.0,40.68948409941463,-74.00292443185194,1.378217497755679
98.01280214235807,1,0,-0.6903393592199618,936.0,40.684257423677465,-73.992489373434,0.36461525221524077
85.00636394337216,0,0,0.6304956325381279,618.0,40.67883351037963,-74.0261539495176,-0.6489869933251974
89.0,1,0,0.6652539638370928,167.0,-34.54990744102852,-58.352289012830354,-0.6489869933251974
118.0,0,1,-0.5049874458775484,213.0,-34.521264900713824,-58.416585449913065,1.378217497755679
74.97282590415446,0,0,-1.3507568550990066,640.0,40.71310033539124,-74.01017197310743,-0.6489869933251974
111.01924034134397,0,0,-0.5029657645298384,815.0,40.68580693819085,-74.04357718315548,0.36461525221524077
115.0,0,0,-0.5027994269567738,275.0,-34.613949586599254,-58.37885746413454,1.378217497755679
102.00763673204659,0,0,0.8506347978311429,741.0,40.71086247980528,-73.9761352376691,0.36461525221524077
73.0,1,0,2.1714697895892328,123.0,-34.574829673640444,-58.32582389744016,-0.6489869933251974
91.9740986928289,0,0,-1.5708960203920215,861.0,40.71379911811258,-74.00354189143069,0.36461525221524077
71.0,1,0,-0.6903393592199618,130.0,-34.57474187329113,-58.45050438534582,-0.6489869933251974
97.0,1,1,-0.9104785245129767,205.0,-34.634429808689845,-58.33433792353184,0.36461525221524077
92.0,1,0,-0.9104785245129767,182.0,-34.64056978052428,-58.36538411408716,0.36461525221524077
115.0140749310325,1,0,0.19021730195209804,1065.0,40.76455043504889,-73.99057014655297,1.378217497755679
48.0,1,0,0.6304956325381279,115.0,-34.595346985823134,-58.37825236623778,-1.6625892388656356
67.0,1,0,0.19021730195209804,120.0,-34.63648239705206,-58.438313985354256,-0.6489869933251974
91.04506739290133,1,1,1.0707739631241577,918.0,40.66200696569295,-74.01505011245953,-0.6489869933251974
87.0,1,0,2.1714697895892328,170.0,-34.59756594441567,-58.3690972745667,-0.6489869933251974
95.03990198258985,0,0,-1.1306176898059916,811.0,40.70908308789765,-74.00351074751977,0.36461525221524077
66.9831567247774,0,0,0.8506347978311429,486.0,40.66704460657616,-74.02027209636894,-0.6489869933251974
100.0,0,1,0.6304956325381279,187.0,-34.59383936016276,-58.39423880582691,0.36461525221524077
128.0,0,0,-1.7910351856850366,296.0,-34.613438560209715,-58.37992098949648,1.378217497755679
108.0,1,0,-0.6903393592199618,208.0,-34.61674268541844,-58.313065686012784,0.36461525221524077
107.0,1,0,0.8506347978311429,212.0,-34.630460830948415,-58.37968635200623,0.36461525221524077
86.02829837329249,0,0,-1.1306176898059916,655.0,40.70088290894304,-73.97161184963268,-0.6489869933251974
90.0,1,1,-0.25006102863393187,200.0,-34.6423996582422,-58.36929288727068,-0.6489869933251974
125.0,1,0,0.410356467245113,226.0,-34.52562776360371,-58.37284305430417,1.378217497755679
94.0,1,1,2.1714697895892328,185.0,-34.54236954529906,-58.32206091657247,0.36461525221524077
104.0,1,0,1.7311914590032027,539.0,-34.60242375377781,-58.38158103162901,0.36461525221524077
166.0178932970558,1,0,0.589192981647263,1541.0,40.68665526503538,-74.01925978216428,2.391819743296117
112.0,1,0,-0.029921863340916913,205.0,-34.65295708219668,-58.31849757899835,0.36461525221524077
98.0,1,0,1.0707739631241577,170.0,-34.61473585481173,-58.423110164815,0.36461525221524077
70.0,1,0,-0.4702001939269468,142.0,-34.65925020433159,-58.31545698266764,-0.6489869933251974
99.0,1,0,-0.029921863340916913,187.0,-34.650410313371204,-58.42726501994907,0.36461525221524077
133.03728214962726,0,0,-0.029921863340916913,988.0,40.69393645257215,-74.01068666398464,1.378217497755679
90.0,1,0,0.6304956325381279,163.0,-34.569574019853235,-58.36861776671464,-0.6489869933251974
59.0,1,0,-0.6903393592199618,123.0,-34.62217965699193,-58.422391657842525,-0.6489869933251974
102.00763673204659,0,0,-1.3507568550990066,851.0,40.71506026555642,-74.01044790013594,0.36461525221524077
45.98704934641445,0,0,-0.4433097050075126,336.0,40.732365186567606,-73.99706861505172,-1.6625892388656356
41.0,1,1,-0.029921863340916913,89.0,-34.53811564756408,-58.37530935841657,-1.6625892388656356
98.01280214235807,0,0,0.8506347978311429,704.0,40.71545745333994,-74.03321597185735,0.36461525221524077
91.0,0,0,-1.5708960203920215,179.0,-34.62045863019358,-58.3463048002973,-0.6489869933251974
93.0,0,0,-0.482745846138198,132.0,-34.646733001364744,-58.42235042645644,0.36461525221524077
104.0,1,0,0.6304956325381279,184.0,-34.67200030023447,-58.38026347348677,-0.6489869933251974
118.0,1,1,0.6395674463281407,244.0,-34.56442185373968,-58.45310800293436,0.36461525221524077
86.0,1,0,1.5110522937101878,151.0,-34.64005156431948,-58.40104223999552,-0.6489869933251974
171.03466231666465,1,0,1.7311914590032027,1554.0,40.70555243287179,-73.9681365680415,2.391819743296117
64.0,1,0,-0.25006102863393187,124.0,-34.64726336235519,-58.33896144991664,-0.6489869933251974
87.0,0,0,0.19021730195209804,138.0,-34.56836012896157,-58.32577168954448,-0.6489869933251974
103.0,0,0,0.6304956325381279,158.0,-34.633261393146554,-58.31215531436142,-0.6489869933251974
105.0,1,0,-0.9104785245129767,210.0,-34.549490005470616,-58.3980839158478,0.36461525221524077
95.03990198258985,0,0,-0.48823161856431274,686.0,40.68241240531826,-73.99206762634289,0.36461525221524077
74.97282590415446,0,0,-0.6903393592199618,591.0,40.71467447464587,-74.01514910177264,-0.6489869933251974
48.95994950618265,0,0,-0.029921863340916913,413.0,40.713863039248274,-74.00977090224352,-1.6625892388656356
82.96249508353152,1,0,1.5110522937101878,757.0,40.709092081258994,-73.97590196354311,-0.6489869933251974
79.0,1,0,0.6304956325381279,142.0,-34.61406736404962,-58.44940894057646,-0.6489869933251974
46.0,0,0,-0.9104785245129767,93.0,-34.6192891687744,-58.39552906632112,-1.6625892388656356
98.0,0,0,-0.029921863340916913,191.0,-34.59450967984229,-58.383538912832094,0.36461525221524077
81.01152935368363,0,0,-0.4755998673407561,618.0,40.709343496356425,-73.9920281049826,-0.6489869933251974
85.00636394337216,0,0,-1.3507568550990066,639.0,40.73986609484476,-74.0381008776879,-0.6489869933251974
131.0,0,0,-1.7910351856850366,261.0,-34.58777971682022,-58.3958348168555,1.378217497755679
91.0,1,1,-0.4702001939269468,217.0,-34.61667720701,-58.38228345947669,-0.6489869933251974
96.0,1,0,0.6589705198175076,198.0,-34.58475485673256,-58.36195803967341,-0.6489869933251974
79.9895949237633,0,0,0.6304956325381279,570.0,40.76061749692721,-73.98431088178164,-0.6489869933251974
109.0,1,0,-0.25006102863393187,218.0,-34.63093019316721,-58.34496907700144,0.36461525221524077
146.04372034861316,1,1,1.9513306242962176,1472.0,40.68868607723872,-74.04728555442654,1.378217497755679
96.0,0,1,-0.48635559241765697,282.0,-34.59810990419276,-58.378274305031375,0.36461525221524077
141.0269513290043,0,0,-1.7910351856850366,1210.0,40.70774396881974,-74.00418939015213,1.378217497755679
40.0,0,0,-1.3507568550990066,67.0,-34.59771837990366,-58.34509104372149,-1.6625892388656356
78.967660493843,0,0,-0.47361802648907325,587.0,40.736961851269456,-74.02074028412527,-1.6625892388656356
74.0,1,0,1.7311914590032027,124.0,-34.51907075212531,-58.40043864111412,-0.6489869933251974
89.00119853306069,1,0,0.6608804413333914,819.0,40.69558643382979,-73.9773139307994,-0.6489869933251974
116.96504066088039,0,0,-0.4702001939269468,877.0,40.70462448114116,-74.0221928707288,1.378217497755679
144.0,1,0,2.1714697895892328,258.0,-34.60630480532821,-58.3305452840252,1.378217497755679
129.0,1,0,-0.6903393592199618,254.0,-34.67459972822838,-58.35333310431642,1.378217497755679
84.0,0,0,-1.5708960203920215,177.0,-34.59819809937553,-58.37101121493678,-1.6625892388656356
95.96893328251743,0,0,0.8506347978311429,745.0,40.70726642251348,-74.00906284861294,0.36461525221524077
150.0,1,0,1.2909131284171729,368.0,-34.59891504542768,-58.3852833143177,1.378217497755679
131.0,1,0,0.410356467245113,238.0,-34.56765828104562,-58.45563590524224,1.378217497755679
61.96638770516856,0,0,-0.6903393592199618,464.0,40.66986299974605,-74.02941382368438,-0.6489869933251974
90.0,1,0,0.664459797005951,156.0,-34.68620179341297,-58.37578531993665,-0.6489869933251974
85.0,1,1,-0.4702001939269468,173.0,-34.63983429497675,-58.31533781618969,-0.6489869933251974
101.0,0,0,-0.6903393592199618,185.0,-34.57762458729605,-58.37687990202216,0.36461525221524077
123.00374411040956,0,0,-0.5153324777499343,1108.0,40.715074755064045,-74.0055024819421,1.378217497755679
85.0,1,0,0.6304956325381279,164.0,-34.598653941799064,-58.35199149801848,-0.6489869933251974
74.0,0,0,-1.7910351856850366,144.0,-34.67890229287852,-58.34460675977612,-0.6489869933251974
85.00636394337216,0,0,-0.4702001939269468,665.0,40.70679322289146,-74.00098932864469,-0.6489869933251974
68.0,1,0,1.9513306242962176,118.0,-34.595679382346546,-58.345657987068414,-0.6489869933251974
106.00247132173513,0,0,-0.029921863340916913,766.0,40.75460734491816,-73.99742904642092,0.36461525221524077
98.01280214235807,0,0,0.6304956325381279,964.0,40.71261249169618,-74.0044145535658,0.36461525221524077
89.00119853306069,0,0,-1.1306176898059916,689.0,40.724150785097166,-73.99170332100347,-0.6489869933251974
107.0,0,0,-1.7910351856850366,229.0,-34.6136668463274,-58.3724207985609,0.36461525221524077
90.0,0,1,0.19021730195209804,180.0,-34.59384224710798,-58.37273375677221,-0.6489869933251974
99.03473657227839,1,0,1.2909131284171729,914.0,40.709574200318826,-73.96401857504046,0.36461525221524077
118.0,1,0,-0.25006102863393187,224.0,-34.618681813287495,-58.41631142803837,1.378217497755679
134.98824787947513,0,0,-1.7910351856850366,1103.0,40.722771736209,-74.00866241969094,1.378217497755679
73.02186017430658,1,0,-0.25006102863393187,685.0,40.739922743171455,-74.01950495044126,-0.6489869933251974
74.97282590415446,0,0,-0.470305010924896,610.0,40.71747746297286,-73.99990188494105,-0.6489869933251974
146.04372034861316,1,0,1.0707739631241577,1385.0,40.70500987886442,-74.01383528109908,1.378217497755679
106.0,0,0,-0.9104785245129767,189.0,-34.60636114934076,-58.34920064484923,0.36461525221524077
103.0,1,0,-0.4702001939269468,196.0,-34.56776679365628,-58.34990208857227,0.36461525221524077
119.0,0,0,1.0707739631241577,199.0,-34.59730319128114,-58.40469441909459,1.378217497755679
102.00763673204659,0,0,-1.3507568550990066,811.0,40.71136690441196,-74.018626141386,-0.6489869933251974
103.02957116196691,0,0,-1.7910351856850366,820.0,40.72300824183233,-73.98808015150941,0.36461525221524077
132.0,1,0,-0.029921863340916913,246.0,-34.59803183669411,-58.462165204159575,1.378217497755679
155.9843552578381,0,0,-0.5449969981634116,1263.0,40.71164978630775,-73.9924348564605,2.391819743296117
91.9740986928289,0,0,-0.4702001939269468,696.0,40.71377896949856,-73.9922667216282,0.36461525221524077
113.0,1,1,-0.029921863340916913,235.0,-34.606374296166976,-58.41295228272159,0.36461525221524077
83.0,1,0,0.6304956325381279,149.0,-34.64597480111807,-58.33533888901907,-0.6489869933251974
65.9612222948571,0,0,-1.3507568550990066,584.0,40.71532870670644,-74.00867773008824,-0.6489869933251974
140.0,0,0,-0.9104785245129767,353.0,-34.60205245649383,-58.37674132781732,1.378217497755679
94.01796755266953,0,0,-1.3507568550990066,725.0,40.71369852109751,-73.98970541754609,0.36461525221524077
57.04252181555247,0,0,-0.25006102863393187,432.0,40.7145739478987,-74.0303788001396,-0.6489869933251974
133.9663134495548,0,0,-0.9104785245129767,1005.0,40.73503108913854,-74.04565176451669,1.378217497755679
102.00763673204659,0,0,-0.4947620151271291,758.0,40.69540458680979,-74.0062627092988,0.36461525221524077
66.0,1,0,1.7311914590032027,120.0,-34.56351344989212,-58.33091474204238,-1.6625892388656356
114.0,0,0,-1.3507568550990066,196.0,-34.64064840413137,-58.3332866619574,0.36461525221524077
75.0,1,0,-0.4702001939269468,140.0,-34.63426143926879,-58.39453198452563,-0.6489869933251974
107.0,1,0,-0.9104785245129767,214.0,-34.64592237520271,-58.43509502788154,0.36461525221524077
88.0,1,0,0.6662023746741292,155.0,-34.55232782772352,-58.311032838439424,-0.6489869933251974
170.0,1,0,0.5936836884986809,356.0,-34.593581596072426,-58.39676757348173,2.391819743296117
79.9895949237633,0,0,0.19021730195209804,589.0,40.74737396302832,-74.03146191200345,-0.6489869933251974
130.0,0,0,-0.029921863340916913,252.0,-34.60056124023898,-58.39330086694485,1.378217497755679
66.0,0,0,-1.1306176898059916,197.0,-34.60007984545722,-58.38148789923017,-0.6489869933251974
94.0,1,0,0.19021730195209804,177.0,-34.54365693491969,-58.35559302338524,0.36461525221524077
89.00119853306069,0,0,-0.029921863340916913,664.0,40.69044667388861,-73.99906291150423,-0.6489869933251974
123.0,1,0,0.6355027245166704,203.0,-34.624491993195726,-58.31321237022546,1.378217497755679
74.97282590415446,0,0,-1.7910351856850366,600.0,40.6819203959388,-73.99843530320635,-0.6489869933251974
99.96376787220595,1,0,0.410356467245113,930.0,40.67674215535616,-74.02852019620065,0.36461525221524077
86.02829837329249,0,0,-0.25006102863393187,725.0,40.71637110804629,-74.00512930554399,-0.6489869933251974
74.0437946042269,0,0,0.410356467245113,548.0,40.690472581644606,-74.00266598964932,-0.6489869933251974
82.96249508353152,0,0,-0.4774273053765644,638.0,40.70575401760309,-74.05090248530321,-0.6489869933251974
98.01280214235807,0,0,-1.1306176898059916,804.0,40.70730541379037,-74.00505800117072,0.36461525221524077
78.03862919391543,1,1,-0.6903393592199618,816.0,40.71128572301379,-74.03395020784764,-0.6489869933251974
82.0,1,0,0.6304956325381279,159.0,-34.5575299962682,-58.37334397467794,-0.6489869933251974
197.97657001456403,0,0,-0.9104785245129767,1483.0,40.75275376158943,-74.0372408693785,2.391819743296117
89.0,1,0,0.665294201403848,161.0,-34.6289638309008,-58.38098054500317,-0.6489869933251974
69.0,1,0,1.7311914590032027,122.0,-34.63063140552585,-58.42647336808154,-0.6489869933251974
86.95732967322004,0,0,-0.9104785245129767,659.0,40.732587290501286,-74.00997122349888,-0.6489869933251974
75.99476033407478,0,0,-0.029921863340916913,567.0,40.72133862472952,-74.0154813106109,-0.6489869933251974
103.95860246189449,0,0,-2.0111743509780515,839.0,40.75192707476606,-74.01097439906614,0.36461525221524077
96.0,0,0,-1.5708960203920215,172.0,-34.570933436748355,-58.39674795823836,0.36461525221524077
104.0,0,0,-0.029921863340916913,182.0,-34.59861919799765,-58.40315477947905,0.36461525221524077
63.0,1,1,-0.9104785245129767,142.0,-34.67494829777315,-58.38117626642031,-0.6489869933251974
73.02186017430658,0,0,0.19021730195209804,530.0,40.69176527105504,-74.00338221190958,-0.6489869933251974
104.98053689181481,0,0,-2.0111743509780515,859.0,40.73539158081243,-73.99548659053876,-0.6489869933251974
99.0,1,1,0.6304956325381279,197.0,-34.57236502061309,-58.4299192138243,0.36461525221524077
91.9740986928289,1,0,1.0707739631241577,833.0,40.67363653595403,-74.03956540503977,0.36461525221524077
86.0,1,0,1.9513306242962176,153.0,-34.569852738371466,-58.3447535230893,-0.6489869933251974
89.0,1,1,-0.4702001939269468,185.0,-34.632245224209534,-58.3240930316622,-0.6489869933251974
52.95478409587118,0,0,0.410356467245113,392.0,40.684580322870325,-74.04427824884208,-0.6489869933251974
104.0,0,0,-1.7910351856850366,200.0,-34.67128317528243,-58.32373229209875,0.36461525221524077
78.03862919391543,0,0,-0.9104785245129767,587.0,40.69997380217505,-73.97397864142127,-0.6489869933251974
108.0,1,0,1.5110522937101878,201.0,-34.63391880024705,-58.3625737319133,0.36461525221524077
91.04506739290133,0,0,0.410356467245113,672.0,40.697201527801,-73.99126023318486,-0.6489869933251974
91.9740986928289,1,0,0.19021730195209804,863.0,40.70710913173206,-73.96970768717519,0.36461525221524077
111.0,1,0,-0.9104785245129767,218.0,-34.62322989390119,-58.35441786057866,0.36461525221524077
81.0,1,1,0.6304956325381279,163.0,-34.610129080337494,-58.40841391756838,-0.6489869933251974
44.96511491649413,0,0,-0.4702001939269468,347.0,40.70497957123738,-74.00800507152188,-1.6625892388656356
137.03211673931577,0,0,-1.5708960203920215,1116.0,40.72061090377443,-74.00766852564902,1.378217497755679
91.04506739290133,0,0,0.19021730195209804,820.0,40.7108526613621,-74.00431587680998,-0.6489869933251974
96.99086771243775,0,0,-1.7910351856850366,832.0,40.708400722753886,-74.00999621365864,0.36461525221524077
83.98442951345184,0,0,-0.9104785245129767,627.0,40.668177395682704,-74.03187768035842,-0.6489869933251974
91.0,1,0,-0.6903393592199618,182.0,-34.59125163539399,-58.42824817397648,-0.6489869933251974
74.0437946042269,0,1,-1.1306176898059916,627.0,40.72991622095757,-73.97481292145267,-0.6489869933251974
115.0140749310325,1,0,-0.029921863340916913,1086.0,40.69872715056663,-73.98229838249469,1.378217497755679
68.0,1,0,0.8506347978311429,134.0,-34.56841299826412,-58.38365943363549,-0.6489869933251974
116.96504066088039,0,0,-1.5708960203920215,916.0,40.6903181026358,-74.00133612057488,1.378217497755679
163.04499313728758,0,0,0.19021730195209804,1992.0,40.71315177767721,-74.00601163450428,2.391819743296117
125.97664427017776,0,1,0.410356467245113,1061.0,40.72946065597069,-74.00492281109481,1.378217497755679
132.0,1,0,-0.25006102863393187,272.0,-34.60579452594364,-58.36082656790022,1.378217497755679
146.0,1,0,0.19021730195209804,265.0,-34.64103768914771,-58.44368572180257,1.378217497755679
98.0,1,0,1.7311914590032027,162.0,-34.60931425758939,-58.32338160994863,0.36461525221524077
88.0,0,0,-0.9104785245129767,165.0,-34.5888282469238,-58.39400431328072,-0.6489869933251974
40.9702803268056,0,0,-1.1306176898059916,327.0,40.71544214151619,-73.99340368995719,-1.6625892388656356
45.0,1,0,0.6304956325381279,90.0,-34.53106437496756,-58.43314574219045,-1.6625892388656356
83.98442951345184,0,0,0.8506347978311429,611.0,40.696458808398006,-73.99097195724252,-0.6489869933251974
49.0,0,0,-0.25006102863393187,86.0,-34.581707903240584,-58.355114566583794,-1.6625892388656356
66.0,1,0,0.19021730195209804,118.0,-34.59525939162965,-58.46861386247577,-0.6489869933251974
121.98180968048923,0,1,0.410356467245113,1003.0,40.72463412386424,-74.04241833758847,1.378217497755679
137.03211673931577,0,0,-0.6903393592199618,1041.0,40.69910025440676,-74.01902462359743,1.378217497755679
87.97926410314037,0,0,-1.1306176898059916,671.0,40.679936798690704,-73.99205063135105,-0.6489869933251974
63.0,1,0,1.5110522937101878,111.0,-34.60829579925626,-58.41138017147775,-0.6489869933251974
123.00374411040956,1,0,0.6294303085506572,1108.0,40.75182454877738,-74.02517150718502,1.378217497755679
89.0,1,0,2.1714697895892328,153.0,-34.54277651794098,-58.38452419379265,-0.6489869933251974
85.0,1,0,-0.6903393592199618,168.0,-34.55191193580521,-58.36604279239166,-1.6625892388656356
68.00509115469772,0,0,-1.5708960203920215,539.0,40.73630397771228,-74.0051495516001,-0.6489869933251974
71.0,1,0,0.6811383506844734,128.0,-34.58700390475288,-58.30566205155642,-0.6489869933251974
142.9779170588522,0,0,0.19021730195209804,1048.0,40.70176393469068,-74.02655644168833,1.378217497755679
86.02829837329249,0,0,-0.4702001939269468,646.0,40.70643012908972,-73.99400317648396,-0.6489869933251974
99.0,1,0,0.410356467245113,176.0,-34.57801570509986,-58.34277658794586,0.36461525221524077
58.993487545400356,0,0,-0.4702001939269468,443.0,40.76336346322856,-74.02268055399267,-0.6489869933251974
56.0,0,0,0.8506347978311429,79.0,-34.61027888172014,-58.44189423976911,-0.6489869933251974
40.041249026878035,0,0,-0.9104785245129767,304.0,40.73620790738964,-73.97396599614987,-1.6625892388656356
48.03091820625509,1,1,-0.4702001939269468,499.0,40.674449454348434,-73.99615345942122,-1.6625892388656356
91.04506739290133,1,0,1.2909131284171729,837.0,40.70583203814407,-73.9627867596657,-1.6625892388656356
62.98832213508888,0,0,-0.45885705547904415,454.0,40.70521050517619,-74.04920607358245,-0.6489869933251974
40.041249026878035,0,1,-1.3507568550990066,389.0,40.71313178434325,-74.00208422745982,-2.6761914844060737
57.04252181555247,0,0,0.8506347978311429,412.0,40.74088326145892,-74.04762836127667,-0.6489869933251974
73.0,0,0,-1.7910351856850366,166.0,-34.6169562208208,-58.388541103256,-0.6489869933251974
129.0,1,0,2.1714697895892328,220.0,-34.58641161655392,-58.4171800162137,1.378217497755679
73.02186017430658,0,0,-0.6903393592199618,540.0,40.70823032078949,-73.97366899776752,-0.6489869933251974
168.0,0,0,-1.7910351856850366,361.0,-34.591553418045024,-58.37527167479854,2.391819743296117
90.0,1,0,0.6643726156113146,169.0,-34.58011640140015,-58.4209496766617,-0.6489869933251974
60.01542197532068,0,0,1.0707739631241577,459.0,40.71613416802678,-74.01450990200338,-0.6489869933251974
99.03473657227839,1,0,1.9513306242962176,891.0,40.73533141685328,-73.97148246183771,0.36461525221524077
68.00509115469772,0,0,0.8506347978311429,821.0,40.71237061065376,-74.00567210442233,-0.6489869933251974
110.0,0,0,-0.4979634851158285,201.0,-34.5425929876912,-58.3802054486221,0.36461525221524077
115.0140749310325,1,0,2.1714697895892328,1049.0,40.743736066011536,-74.01051121967693,1.378217497755679
74.97282590415446,0,0,0.410356467245113,561.0,40.70678901200771,-74.01834782811636,-0.6489869933251974
111.01924034134397,0,0,-0.4702001939269468,834.0,40.69670430609226,-74.01838208863516,0.36461525221524077
74.97282590415446,0,0,-1.3507568550990066,599.0,40.72069482477328,-74.00180392301316,-0.6489869933251974
115.0,1,1,1.2909131284171729,227.0,-34.58486059684984,-58.332298158785726,1.378217497755679
86.02829837329249,0,0,-1.3507568550990066,657.0,40.7262601238206,-73.97276306314252,-0.6489869933251974
94.01796755266953,0,0,-1.3507568550990066,714.0,40.69028279760975,-74.01904574060755,0.36461525221524077
87.0,1,0,0.410356467245113,160.0,-34.636154940148536,-58.40761994672334,-0.6489869933251974
85.0,1,0,-0.029921863340916913,152.0,-34.53654493893351,-58.41580664475755,-0.6489869933251974
74.97282590415446,0,0,-0.4702245357913856,598.0,40.71764084086954,-74.00330477227452,-0.6489869933251974
95.0,0,0,-1.1306176898059916,196.0,-34.61284939057044,-58.371159951366295,0.36461525221524077
103.02957116196691,0,0,0.6304956325381279,753.0,40.70226581226329,-74.04504227130737,0.36461525221524077
75.99476033407478,0,0,0.410356467245113,564.0,40.7056682009254,-74.01880833926175,-0.6489869933251974
95.96893328251743,1,0,1.9513306242962176,870.0,40.69563591737512,-73.97137258135425,0.36461525221524077
107.0,1,1,0.6304956325381279,213.0,-34.57069617990183,-58.33732865890068,0.36461525221524077
72.0,1,0,0.8506347978311429,135.0,-34.67988919738383,-58.389159943279886,-0.6489869933251974
127.0,1,0,-0.4702001939269468,245.0,-34.6273259734437,-58.33912913463191,1.378217497755679
91.9740986928289,0,0,-0.48544998572887554,668.0,40.73206537891809,-74.01284612816197,0.36461525221524077
133.0,1,0,0.6304956325381279,256.0,-34.63079823472359,-58.387578486524994,1.378217497755679
77.0166947639951,1,0,1.9513306242962176,694.0,40.689023332444016,-73.98979024736721,-0.6489869933251974
69.95605688454562,0,0,-0.029921863340916913,652.0,40.714421359063365,-74.0044490644246,-0.6489869933251974
59.0,1,1,1.5110522937101878,124.0,-34.54718754394206,-58.41698628730806,-1.6625892388656356
48.95994950618265,0,1,-0.6903393592199618,418.0,40.69380542117959,-73.98082920434025,-1.6625892388656356
74.0437946042269,0,0,-0.469156652172576,559.0,40.68359946364066,-73.97294721500259,-0.6489869933251974
112.97020607119185,1,0,1.9513306242962176,1024.0,40.668085019629466,-73.98765498237613,0.36461525221524077
51.003818366023296,0,0,-0.44803278231789784,391.0,40.707005201710594,-74.0113292850263,-0.6489869933251974
62.98832213508888,0,1,-0.029921863340916913,526.0,40.70549072323805,-73.97668945784964,-0.6489869933251974
93.0,0,1,-0.4830677466722398,180.0,-34.540551374429995,-58.37203742423029,0.36461525221524077
104.0,1,0,0.410356467245113,186.0,-34.56131031889063,-58.41143898364948,0.36461525221524077
140.0,1,1,2.1714697895892328,277.0,-34.65882149994391,-58.41632601435418,1.378217497755679
77.0166947639951,0,0,-0.4724142707379705,660.0,40.71324138607681,-74.00251870316326,-0.6489869933251974
188.96496640526664,0,0,0.6304956325381279,1632.0,40.71374709767016,-74.00870122408321,2.391819743296117
65.03219099492952,1,0,1.7311914590032027,599.0,40.66659185714213,-73.99201232712602,-1.6625892388656356
87.97926410314037,0,0,0.6304956325381279,631.0,40.67960256514936,-73.96382031868434,-0.6489869933251974
113.0,0,0,0.19021730195209804,191.0,-34.578120326997855,-58.389907301176365,0.36461525221524077
137.96114803924334,0,0,-0.4702001939269468,1023.0,40.6783099005615,-74.04402525603093,1.378217497755679
100.98570230212627,1,1,-0.9104785245129767,1561.0,40.71238418442572,-74.00583546300619,0.36461525221524077
105.0,1,0,1.2909131284171729,189.0,-34.587950900567535,-58.31013284030743,0.36461525221524077
129.9714788598663,1,0,0.6227791992875751,1198.0,40.70068383487661,-73.97873968608366,1.378217497755679
112.97020607119185,0,0,-0.9104785245129767,855.0,40.7357630790819,-73.98527744337007,0.36461525221524077
120.0,0,0,-0.4702001939269468,197.0,-34.63297825949601,-58.36139033144345,1.378217497755679
99.03473657227839,0,0,0.6304956325381279,712.0,40.6727402284369,-73.97851136497614,0.36461525221524077
127.0,1,1,1.2909131284171729,251.0,-34.60043724612064,-58.41526636386261,1.378217497755679
137.0,1,0,1.2909131284171729,264.0,-34.61830911766713,-58.36859246783387,1.378217497755679
107.0,1,0,0.410356467245113,195.0,-34.623258202004614,-58.42547070981402,0.36461525221524077
78.0,1,0,1.5110522937101878,140.0,-34.633099593467605,-58.39639511619807,-0.6489869933251974
97.0,0,1,0.410356467245113,194.0,-34.61688455849006,-58.385255335001,0.36461525221524077
165.0,0,0,-0.5466589441507692,344.0,-34.58995776035747,-58.367729878885264,2.391819743296117
164.0,1,0,1.2909131284171729,288.0,-34.645150161629566,-58.352845906804745,2.391819743296117
74.0,0,0,1.0707739631241577,114.0,-34.6623349792755,-58.40963008066926,-0.6489869933251974
91.04506739290133,0,0,-0.4847107089052336,678.0,40.71791897099662,-74.02030053547001,-0.6489869933251974
113.0,0,1,-1.7910351856850366,243.0,-34.641276063168135,-58.46244689940456,0.36461525221524077
91.04506739290133,0,1,-0.485662997985107,820.0,40.69316626298513,-73.9593561771539,-0.6489869933251974
99.96376787220595,0,0,0.6304956325381279,728.0,40.73241271020476,-74.01514503875264,0.36461525221524077
91.9740986928289,0,1,0.410356467245113,753.0,40.73497966251961,-73.95905420148736,-0.6489869933251974
56.02058738563215,1,0,0.19021730195209804,517.0,40.67764055900695,-74.00468164887671,-0.6489869933251974
77.0,1,0,1.0707739631241577,133.0,-34.5493429086199,-58.3837844504693,-0.6489869933251974
77.0,0,1,0.8506347978311429,155.0,-34.613302672642455,-58.37378056493168,-0.6489869933251974
117.0,1,0,1.7311914590032027,199.0,-34.61774326928098,-58.42334843008416,1.378217497755679
49.981883936102975,0,0,-0.25006102863393187,375.0,40.74075679564308,-74.00194004101827,-0.6489869933251974
74.97282590415446,0,1,0.19021730195209804,626.0,40.70043514420421,-73.97229611263614,-0.6489869933251974
94.0,1,0,0.19021730195209804,174.0,-34.60737998314052,-58.46227597908363,0.36461525221524077
106.00247132173513,0,0,-0.49837010618084443,779.0,40.69597770750083,-74.05626228243804,0.36461525221524077
99.0,0,0,-1.5708960203920215,231.0,-34.59902862890253,-58.38650684989749,0.36461525221524077
158.0,0,1,-1.7910351856850366,394.0,-34.593962559638896,-58.37718438735757,2.391819743296117
75.0,1,0,0.410356467245113,136.0,-34.68128689539218,-58.40459373355164,-0.6489869933251974
81.0,1,0,-0.029921863340916913,150.0,-34.61662644079592,-58.43774055202884,-0.6489869933251974
82.03346378360395,0,0,0.410356467245113,608.0,40.69127430075096,-73.99669864267402,-0.6489869933251974
75.0,0,0,-0.4702001939269468,134.0,-34.590193881209856,-58.36218105329088,-0.6489869933251974
91.04506739290133,1,0,-0.25006102863393187,843.0,40.70953127719599,-74.04937341261873,-0.6489869933251974
86.0,0,0,-0.9104785245129767,185.0,-34.61250164253747,-58.3764047825157,-1.6625892388656356
91.0,0,0,-1.5708960203920215,168.0,-34.65211901872684,-58.4455220925028,-0.6489869933251974
84.0,0,0,-1.3507568550990066,155.0,-34.58037792179834,-58.302417487702456,-0.6489869933251974
45.0,1,0,-0.029921863340916913,79.0,-34.58904430038729,-58.35328273420713,-1.6625892388656356
107.02440575165545,0,0,-2.0111743509780515,890.0,40.71489747137042,-74.02286062696678,0.36461525221524077
90.0,0,0,-1.5708960203920215,167.0,-34.57553515848627,-58.34485668256757,-0.6489869933251974
44.036083616566565,0,0,0.8506347978311429,318.0,40.67965439783956,-73.98823951860925,-1.6625892388656356
57.0,1,0,1.2909131284171729,96.0,-34.62305480525854,-58.41392210246889,-0.6489869933251974
40.041249026878035,0,0,0.19021730195209804,307.0,40.71946575919038,-74.0123445422626,-1.6625892388656356
83.98442951345184,0,0,0.410356467245113,625.0,40.70803366802664,-74.01745151318815,-1.6625892388656356
86.95732967322004,0,0,-0.9104785245129767,690.0,40.712557160745895,-73.99868197627494,-0.6489869933251974
120.95987525056891,0,0,-0.029921863340916913,974.0,40.71711981788567,-74.00233944608446,1.378217497755679
68.0,1,0,-0.029921863340916913,191.0,-34.6068865249018,-58.38392485184287,-0.6489869933251974
115.0140749310325,0,0,-0.506868931073092,880.0,40.70395404439515,-74.02517046841282,1.378217497755679
74.97282590415446,0,0,-2.0111743509780515,619.0,40.70302823668129,-74.02612880738482,-0.6489869933251974
66.9831567247774,0,0,-0.4702001939269468,581.0,40.71354986888546,-74.00905654599984,-0.6489869933251974
44.0,0,0,-0.029921863340916913,69.0,-34.583734419727655,-58.40792721145417,-1.6625892388656356
78.0,1,0,1.9513306242962176,143.0,-34.57664247909302,-58.43298557365596,-0.6489869933251974
87.0,1,0,-0.25006102863393187,181.0,-34.62174998964807,-58.3590979043404,-0.6489869933251974
153.0,0,0,-1.7910351856850366,302.0,-34.60813592777731,-58.411427252745966,1.378217497755679
79.0,1,0,1.2909131284171729,136.0,-34.6721738125419,-58.37292146210676,-0.6489869933251974
88.0,0,0,-0.4702001939269468,148.0,-34.586197570287524,-58.36452034395122,-0.6489869933251974
47.008983776334766,0,0,0.6304956325381279,341.0,40.71269418960396,-73.95944731674277,-2.6761914844060737
106.0,0,0,1.0707739631241577,170.0,-34.593561233257915,-58.36337818218392,0.36461525221524077
52.02575279594362,0,1,1.0707739631241577,418.0,40.75194641177705,-73.9711208695655,-0.6489869933251974
114.0,0,0,-0.6903393592199618,199.0,-34.57921485876895,-58.38926224499429,0.36461525221524077
84.0,1,0,0.8506347978311429,150.0,-34.532200259710386,-58.33953115830828,-0.6489869933251974
58.993487545400356,1,0,1.7311914590032027,546.0,40.67906350455483,-74.00784396350046,-0.6489869933251974
80.0,1,0,1.2909131284171729,139.0,-34.55607869676318,-58.37039624962046,-0.6489869933251974
104.0,1,0,1.2909131284171729,179.0,-34.62196212707006,-58.3294721170211,0.36461525221524077
78.0,1,0,-0.4702001939269468,156.0,-34.66309302130855,-58.42934171033624,-1.6625892388656356
58.993487545400356,0,0,-1.5708960203920215,481.0,40.708895728734,-73.99963343509468,-0.6489869933251974
49.0,1,0,1.9513306242962176,158.0,-34.60051865498633,-58.38150502996752,-1.6625892388656356
92.99603312274922,0,0,0.6304956325381279,714.0,40.70445138067645,-74.00944147803521,0.36461525221524077
78.967660493843,0,0,-0.4737253266670871,603.0,40.70505693861277,-74.02085273960486,-0.6489869933251974
70.97799131446594,1,0,0.410356467245113,661.0,40.69970430953907,-74.05203567786562,-0.6489869933251974
40.041249026878035,1,1,0.7061844529643863,400.0,40.74275760232408,-74.01429874540092,-1.6625892388656356
104.98053689181481,0,0,0.19021730195209804,1232.0,40.71279026882039,-74.00502912633675,0.36461525221524077
142.0,0,0,-1.3507568550990066,369.0,-34.605094162523265,-58.377005085137206,1.378217497755679
53.976718525791505,0,0,0.19021730195209804,390.0,40.696923735189344,-74.04407603364672,-0.6489869933251974
59.0,1,0,-0.4702001939269468,122.0,-34.66113195200879,-58.33474431399497,-0.6489869933251974
119.0,1,1,0.6388202233248801,226.0,-34.650660125647455,-58.3762379208409,1.378217497755679
87.97926410314037,0,0,0.410356467245113,632.0,40.68113065357488,-73.98310450960398,-0.6489869933251974
108.97537148150333,1,0,1.9513306242962176,993.0,40.73577183729925,-74.02403554814016,0.36461525221524077
48.0,0,0,0.6304956325381279,82.0,-34.61736851612129,-58.37624104651503,-1.6625892388656356
91.9740986928289,0,1,-1.5708960203920215,875.0,40.713564820924496,-74.0108590872483,0.36461525221524077
66.0,1,1,1.7311914590032027,142.0,-34.587107625466494,-58.36010267823098,-0.6489869933251974
96.0,1,0,0.19021730195209804,187.0,-34.639193351324764,-58.39201263033264,0.36461525221524077
92.0,0,1,-0.029921863340916913,164.0,-34.56685249585338,-58.35023656918686,0.36461525221524077
159.9791898475266,1,0,0.410356467245113,1480.0,40.74319425875848,-74.01866632858459,1.378217497755679
111.0,1,0,0.6459045404367331,205.0,-34.52921782614254,-58.43071796237499,0.36461525221524077
88.0,1,1,-0.25006102863393187,181.0,-34.631347804215466,-58.42031167420565,-0.6489869933251974
75.99476033407478,0,0,0.19021730195209804,564.0,40.7158051035125,-73.993339373083,-0.6489869933251974
94.01796755266953,0,0,-0.25006102863393187,689.0,40.72002783049832,-73.95287538890544,0.36461525221524077
103.0,1,0,0.8506347978311429,178.0,-34.632708473176564,-58.452281037012455,0.36461525221524077
59.0,1,0,1.2909131284171729,95.0,-34.52557417476815,-58.402113827454535,-0.6489869933251974
77.0,1,0,0.6304956325381279,144.0,-34.53574222846591,-58.41691746317028,-0.6489869933251974
107.02440575165545,1,0,-0.25006102863393187,1006.0,40.74684260874915,-74.01483484750666,0.36461525221524077
44.0,0,0,-0.4398347397812394,75.0,-34.619328718133865,-58.38159482692711,-1.6625892388656356
108.97537148150333,0,0,-0.4702001939269468,837.0,40.709167494351206,-74.01771579085496,0.36461525221524077
113.0,0,0,-0.029921863340916913,183.0,-34.661869345943146,-58.38228249959608,0.36461525221524077
152.0,1,1,1.9513306242962176,299.0,-34.64699598930885,-58.34591056933536,1.378217497755679
146.9727516485407,0,0,-0.5359013160309617,1073.0,40.745489878141264,-74.03112629472864,1.378217497755679
103.0,0,0,-0.4920086478914107,219.0,-34.60849089015748,-58.37277374909692,-0.6489869933251974
81.01152935368363,0,0,-1.7910351856850366,649.0,40.68815310926465,-73.99892472792324,-0.6489869933251974
98.01280214235807,0,0,0.19021730195209804,721.0,40.69805112053316,-73.99478367114862,0.36461525221524077
93.0,1,0,-0.6903393592199618,184.0,-34.67433476391016,-58.39179544246345,-0.6489869933251974
124.95470984025744,0,0,0.8506347978311429,913.0,40.69403136046471,-73.99233321781783,1.378217497755679
90.02313296298101,0,1,-0.4843334113724092,754.0,40.670049671589005,-74.00841413178355,-0.6489869933251974
91.04506739290133,0,0,1.0707739631241577,654.0,40.67941359144382,-74.0207551439424,-0.6489869933251974
51.003818366023296,0,0,-0.6903393592199618,468.0,40.71512623060762,-74.00580248202675,-0.6489869933251974
102.00763673204659,1,0,1.5110522937101878,1088.0,40.7146043583388,-74.0081596539223,0.36461525221524077
56.02058738563215,0,0,-1.5708960203920215,435.0,40.72363034386008,-73.96374325652575,-0.6489869933251974
77.0,1,0,1.7311914590032027,127.0,-34.548888092966216,-58.3855378817643,-0.6489869933251974
79.0,1,0,-0.9104785245129767,153.0,-34.60329187911075,-58.47156817528075,-0.6489869933251974
86.0,1,1,0.6304956325381279,171.0,-34.55800458669081,-58.339507346586,-0.6489869933251974
62.98832213508888,1,0,1.0707739631241577,572.0,40.673040760057575,-74.03530524275148,-0.6489869933251974
40.0,1,0,1.0707739631241577,80.0,-34.59356200738279,-58.352201336943374,-1.6625892388656356
64.0102565650092,0,0,-1.5708960203920215,493.0,40.72839453827045,-73.98723864643163,-0.6489869933251974
67.0,1,1,0.684308311747914,173.0,-34.611688257475265,-58.37968562012848,-0.6489869933251974
57.971553115480035,1,0,1.2909131284171729,529.0,40.69391843537883,-73.98274647276207,-0.6489869933251974
71.99992574438626,0,0,-1.7910351856850366,588.0,40.71303746808263,-74.01789551265252,-0.6489869933251974
103.0,0,0,-0.25006102863393187,179.0,-34.62797353259449,-58.38414127430512,0.36461525221524077
113.0,1,0,1.5110522937101878,196.0,-34.58598833253557,-58.41525028571366,0.36461525221524077
124.95470984025744,0,0,-2.0111743509780515,1029.0,40.70858576953809,-74.0306273984369,1.378217497755679
101.0,1,1,-0.25006102863393187,220.0,-34.64226366207211,-58.37094121592485,0.36461525221524077
79.0,1,0,1.9513306242962176,132.0,-34.61563629230106,-58.42506981963036,-0.6489869933251974
160.0,1,0,0.6025307020620895,331.0,-34.61421677398036,-58.3869847159001,2.391819743296117
74.0,1,0,0.8506347978311429,138.0,-34.656065830709835,-58.44301947248748,-0.6489869933251974
63.0,0,0,-0.029921863340916913,121.0,-34.59421516238319,-58.3937658385162,-0.6489869933251974
136.0,1,0,1.5110522937101878,243.0,-34.581749938785045,-58.3003614038774,1.378217497755679
120.0,1,0,1.5110522937101878,211.0,-34.66222895441714,-58.34887198659866,1.378217497755679
108.0,1,0,0.19021730195209804,197.0,-34.59203857287838,-58.46826256045304,0.36461525221524077
56.02058738563215,0,0,0.6304956325381279,439.0,40.711639085205874,-74.01169346740693,-0.6489869933251974
71.0,1,0,1.7311914590032027,134.0,-34.57583922467926,-58.381355257521854,-0.6489869933251974
86.0,0,0,-1.1306176898059916,145.0,-34.56862871480409,-58.33978591157528,-0.6489869933251974
134.98824787947513,1,0,0.6180561219771895,1253.0,40.72086010596628,-74.0142930732181,0.36461525221524077
112.97020607119185,0,0,-0.029921863340916913,825.0,40.74999223141526,-73.96755175229654,0.36461525221524077
65.0,0,1,0.19021730195209804,108.0,-34.56119778856057,-58.37411590806248,-0.6489869933251974
85.0,1,0,0.8506347978311429,150.0,-34.63435322814257,-58.4084458342472,-0.6489869933251974
118.0,0,0,0.19021730195209804,193.0,-34.66060385768983,-58.37591070461005,1.378217497755679
141.0269513290043,1,0,0.6126204340776862,1282.0,40.71449524769491,-74.04850040808637,1.378217497755679
60.0,1,0,-0.25006102863393187,120.0,-34.619873586146404,-58.29591869096136,-0.6489869933251974
116.96504066088039,0,0,-0.25006102863393187,871.0,40.70555594165268,-73.97758581738438,1.378217497755679
124.95470984025744,1,0,1.5110522937101878,1146.0,40.74541606088184,-74.0002917812215,1.378217497755679
65.0,1,0,0.19021730195209804,119.0,-34.630404147134804,-58.319212933595765,-0.6489869933251974
95.0,0,0,0.8506347978311429,165.0,-34.59389478135432,-58.3652295101526,0.36461525221524077
93.0,1,0,1.5110522937101878,167.0,-34.634054416568794,-58.36463070558686,-0.6489869933251974
157.00628968775843,0,0,0.8506347978311429,1194.0,40.71700911065864,-73.99801134444812,2.391819743296117
93.0,0,0,-0.4702001939269468,563.0,-34.604302186175055,-58.38081880252336,0.36461525221524077
199.0,0,0,-1.7910351856850366,396.0,-34.64113194498365,-58.39977053325,2.391819743296117
171.0,0,1,-2.0111743509780515,467.0,-34.606847990805704,-58.37411596273399,2.391819743296117
139.0,0,1,-0.6903393592199618,257.0,-34.62613265851222,-58.332297039788735,1.378217497755679
64.0102565650092,0,0,1.0707739631241577,470.0,40.72870079907368,-74.00888436535215,-0.6489869933251974
61.0,0,0,-0.4548109533583387,108.0,-34.600545131500084,-58.40208536166709,-0.6489869933251974
83.98442951345184,0,0,0.19021730195209804,635.0,40.72211041701212,-74.00940928663302,-0.6489869933251974
73.0,0,0,0.6304956325381279,138.0,-34.60839186404813,-58.37172123023287,-0.6489869933251974
66.0,1,0,-0.4702001939269468,132.0,-34.623728380995274,-58.32326479675453,-0.6489869933251974
65.9612222948571,0,0,-1.7910351856850366,546.0,40.70330479464164,-74.00555839186471,-0.6489869933251974
44.96511491649413,1,0,1.0707739631241577,404.0,40.7547435733551,-74.03240081457037,-1.6625892388656356
78.03862919391543,0,0,-0.4728183933152985,588.0,40.68342851841829,-73.99835647036782,-0.6489869933251974
100.0,1,0,0.6304956325381279,179.0,-34.63550650837481,-58.42904380671527,-0.6489869933251974
52.02575279594362,1,0,0.6304956325381279,473.0,40.672232681646,-73.97068233017865,-0.6489869933251974
87.97926410314037,1,0,-0.9104785245129767,844.0,40.71278208523543,-73.96527460712973,-1.6625892388656356
54.998652955711826,0,0,0.8506347978311429,395.0,40.66935345134712,-73.99041944479009,-0.6489869933251974
40.9702803268056,0,0,-0.029921863340916913,306.0,40.69692637511592,-74.01507637502004,-1.6625892388656356
74.0,0,0,-1.7910351856850366,151.0,-34.620410387791274,-58.3612115936166,-1.6625892388656356
40.041249026878035,0,1,-2.0111743509780515,374.0,40.70523142029116,-73.96913806461579,-1.6625892388656356
70.0,1,1,1.5110522937101878,154.0,-34.612806003498434,-58.390218086501534,-0.6489869933251974
146.0,0,0,-0.5294036520154222,230.0,-34.62255418638819,-58.31746151557089,1.378217497755679
148.0,0,0,-1.5708960203920215,263.0,-34.65224159946161,-58.43277773071952,1.378217497755679
155.9843552578381,1,0,-0.6903393592199618,1473.0,40.7523979773503,-74.01208457120299,2.391819743296117
64.0102565650092,0,0,0.19021730195209804,516.0,40.70910324586595,-74.00223692072049,-0.6489869933251974
98.0,0,0,1.0707739631241577,182.0,-34.60135422010708,-58.39358315484791,0.36461525221524077
96.99086771243775,0,0,0.8506347978311429,872.0,40.71367539301914,-74.00829745291416,0.36461525221524077
82.03346378360395,0,0,-1.3507568550990066,678.0,40.71724340775831,-74.00082111947174,-0.6489869933251974
128.0205131300184,0,0,-0.029921863340916913,931.0,40.73589716355758,-73.98434989152109,1.378217497755679
93.0,0,0,0.410356467245113,157.0,-34.60086566761738,-58.406862313466455,0.36461525221524077
63.0,0,0,0.6304956325381279,99.0,-34.59882971767889,-58.442675018288895,-0.6489869933251974
91.0,0,0,-1.1306176898059916,156.0,-34.56102738486152,-58.308955432954825,-0.6489869933251974
52.0,0,1,-0.4702001939269468,104.0,-34.58727758877374,-58.37041413049424,-1.6625892388656356
101.0,0,0,1.0707739631241577,203.0,-34.60106946717259,-58.374749107803765,0.36461525221524077
99.96376787220595,0,0,0.19021730195209804,747.0,40.69289652749857,-74.01222255137218,0.36461525221524077
130.0,1,0,1.5110522937101878,224.0,-34.543261822915454,-58.43957951645767,1.378217497755679
131.0,1,0,1.9513306242962176,232.0,-34.62619712985014,-58.40544883643635,1.378217497755679
116.03600936095282,0,0,-0.9104785245129767,874.0,40.680653746658535,-73.98681567689351,1.378217497755679
115.0140749310325,0,0,0.410356467245113,841.0,40.72029917322045,-73.95975350903066,-0.6489869933251974
90.02313296298101,0,0,-0.4702001939269468,716.0,40.707770074281385,-74.01190869348896,-0.6489869933251974
83.98442951345184,0,0,-0.029921863340916913,609.0,40.739525220778965,-73.99837072810051,-0.6489869933251974
80.0,1,0,1.0707739631241577,140.0,-34.56515131906394,-58.41078961481966,-0.6489869933251974
64.0102565650092,0,0,-0.6903393592199618,561.0,40.71290105141883,-74.00929181730385,-1.6625892388656356
150.96758623822925,0,0,0.8506347978311429,1109.0,40.70675239774124,-73.9909214326088,0.36461525221524077
71.99992574438626,0,0,-0.4702001939269468,549.0,40.700972459326415,-74.01726909687864,-0.6489869933251974
67.0,0,0,-0.6903393592199618,133.0,-34.605829791119625,-58.36491713766896,-0.6489869933251974
96.99086771243775,1,0,0.8506347978311429,887.0,40.68725799268525,-74.04341363648011,0.36461525221524077
64.0,1,0,0.6871937818257794,131.0,-34.57678858486928,-58.378039634689735,-0.6489869933251974
113.99214050111217,0,0,-2.0111743509780515,930.0,40.69016114619563,-74.0369377786981,0.36461525221524077
98.0,0,0,0.410356467245113,163.0,-34.6165301261473,-58.368727013093306,0.36461525221524077
98.0,1,0,0.6574626612887345,164.0,-34.61104333258952,-58.45978601113745,0.36461525221524077
75.0,0,0,-0.4671766535637333,140.0,-34.58773994072888,-58.37111000436309,-0.6489869933251974
94.01796755266953,0,0,-0.6903393592199618,693.0,40.67131723095317,-74.00990391472315,0.36461525221524077
40.041249026878035,0,0,-1.1306176898059916,315.0,40.733330621462194,-74.01315645180786,-2.6761914844060737
61.96638770516856,0,0,-0.4580438509730379,465.0,40.71802051047121,-74.04825068987495,-0.6489869933251974
137.03211673931577,0,0,-0.5273941967777919,1091.0,40.7010386884241,-73.97779565448717,1.378217497755679
112.0,1,1,0.8506347978311429,219.0,-34.65545471806369,-58.3099654063894,0.36461525221524077
85.0,1,1,0.19021730195209804,176.0,-34.59982398253758,-58.334324880371724,-0.6489869933251974
127.0,1,1,1.2909131284171729,247.0,-34.657453958098806,-58.42845820521693,1.378217497755679
89.0,1,1,0.8506347978311429,186.0,-34.65838774093,-58.43979192244272,-0.6489869933251974
108.97537148150333,0,0,0.6304956325381279,805.0,40.69802156662512,-74.01512180981378,0.36461525221524077
132.01534771970694,0,0,0.19021730195209804,991.0,40.72513328899784,-74.00645631140337,1.378217497755679
66.0,0,0,-0.4592847570984869,128.0,-34.61802615102693,-58.33785031152411,-0.6489869933251974
111.0,1,0,0.8506347978311429,204.0,-34.6488964762111,-58.37953981167457,0.36461525221524077
100.98570230212627,0,0,-1.7910351856850366,805.0,40.695067744346495,-74.02742567120578,0.36461525221524077
99.03473657227839,1,0,0.19021730195209804,921.0,40.71365291173162,-73.96659334702834,-0.6489869933251974
91.04506739290133,0,0,-1.1306176898059916,697.0,40.67863518365544,-74.02198666005734,-0.6489869933251974
54.998652955711826,0,0,-0.029921863340916913,412.0,40.709075871325766,-73.96913254073735,-0.6489869933251974
136.0,1,1,1.2909131284171729,270.0,-34.591697713076215,-58.4125461558584,1.378217497755679
74.0,1,0,0.6784808934848877,136.0,-34.62102314855375,-58.328854072763086,-0.6489869933251974
74.0437946042269,0,0,-0.6903393592199618,557.0,40.74086983139271,-74.00132502522062,-0.6489869933251974
86.0,1,0,-0.6903393592199618,167.0,-34.57548074381112,-58.34195243871947,-1.6625892388656356
98.0,1,0,1.5110522937101878,277.0,-34.60680247664524,-58.38385797127153,0.36461525221524077
153.0,1,1,1.2909131284171729,294.0,-34.54060715935609,-58.392469228159854,1.378217497755679
95.03990198258985,0,0,-1.5708960203920215,744.0,40.69227015556922,-74.015529078594,0.36461525221524077
78.0,1,0,1.0707739631241577,144.0,-34.64882993882111,-58.40268960520493,-0.6489869933251974
124.95470984025744,0,0,0.19021730195209804,917.0,40.71792526771872,-74.04055491484597,1.378217497755679
78.967660493843,0,1,-1.1306176898059916,673.0,40.72305325613586,-73.97020668970735,-0.6489869933251974
59.0,1,0,-0.6903393592199618,108.0,-34.551891221986146,-58.37234613753497,-0.6489869933251974
144.0,1,1,0.6167395738525508,283.0,-34.63409721607162,-58.31249784083104,1.378217497755679
175.0,1,0,0.410356467245113,314.0,-34.54506855831203,-58.38328399956549,2.391819743296117
95.0,1,0,1.5110522937101878,205.0,-34.61124057193344,-58.388978519036606,0.36461525221524077
107.02440575165545,0,1,0.6304956325381279,894.0,40.72062188636464,-73.98463930214362,0.36461525221524077
100.0,1,0,0.6556194897036685,180.0,-34.643601519095554,-58.38985946298936,0.36461525221524077
125.97664427017776,0,0,-1.7910351856850366,1010.0,40.7201960271855,-74.02665570721138,1.378217497755679
146.0,1,0,1.2909131284171729,250.0,-34.53313005911153,-58.3545713257048,1.378217497755679
96.99086771243775,1,0,0.19021730195209804,915.0,40.69955683789509,-74.00196802087811,0.36461525221524077
149.01662050838135,0,0,-2.0111743509780515,1208.0,40.71504485399701,-74.04264575225663,1.378217497755679
111.0,0,0,-1.7910351856850366,218.0,-34.622143698749944,-58.36725644624121,0.36461525221524077
99.03473657227839,0,0,-1.3507568550990066,815.0,40.71538043858628,-74.01127200931515,0.36461525221524077
108.0,1,0,0.19021730195209804,193.0,-34.68037429415662,-58.350092213353626,0.36461525221524077
144.0,1,1,0.410356467245113,281.0,-34.68630209707138,-58.35381339720709,1.378217497755679
99.96376787220595,0,0,-0.4702001939269468,745.0,40.68633055551104,-74.02738015419321,0.36461525221524077
103.02957116196691,0,0,-0.6903393592199618,797.0,40.72058398128356,-74.01439527521458,0.36461525221524077
68.0,1,1,1.5110522937101878,142.0,-34.60087015270273,-58.40065395988959,-0.6489869933251974
85.00636394337216,0,0,-0.6903393592199618,630.0,40.68610467447309,-73.9628002661847,-0.6489869933251974
95.96893328251743,0,1,-0.25006102863393187,1275.0,40.71311923037364,-74.00553230164643,0.36461525221524077
112.0,1,0,0.8506347978311429,204.0,-34.63970780125188,-58.37980770934796,0.36461525221524077
57.04252181555247,0,0,0.410356467245113,420.0,40.74334275461191,-74.01017408348939,-0.6489869933251974
69.95605688454562,0,0,-0.46535392073623116,521.0,40.6903748977379,-74.0257177263911,-1.6625892388656356
79.9895949237633,0,0,0.410356467245113,860.0,40.713686102519375,-74.00511463864719,-0.6489869933251974
62.98832213508888,0,0,-0.4600373574371969,630.0,40.71434341068249,-74.00632838941435,-0.6489869933251974
151.98952066814957,0,0,-0.9104785245129767,1150.0,40.744992686885546,-73.99934182117984,1.378217497755679
77.0166947639951,1,0,0.6718924898060615,728.0,40.72044003598524,-73.95281979489553,-0.6489869933251974
91.9740986928289,0,0,0.19021730195209804,680.0,40.71827437513423,-74.02787083386721,0.36461525221524077
87.97926410314037,1,0,0.19021730195209804,823.0,40.68678313461263,-74.03597822097099,-0.6489869933251974
123.0,1,0,0.19021730195209804,243.0,-34.617028198016044,-58.35425205385756,1.378217497755679
78.967660493843,0,0,-0.4742282962515273,678.0,40.71020037860424,-74.00934195342084,-0.6489869933251974
134.98824787947513,0,0,-1.7910351856850366,1078.0,40.73489573033679,-73.99133186087045,1.378217497755679
66.9831567247774,1,0,1.9513306242962176,616.0,40.72097271796503,-74.03798797516102,-0.6489869933251974
119.0,1,0,0.6388001045415027,229.0,-34.58221656850056,-58.37434492342049,1.378217497755679
100.0,0,1,-0.6903393592199618,208.0,-34.59656001770414,-58.37206601304966,-0.6489869933251974
135.0,1,0,0.6248460706738246,239.0,-34.63462126261743,-58.41637889463525,1.378217497755679
137.96114803924334,0,0,-1.7910351856850366,1095.0,40.68069577801741,-74.01065517386455,1.378217497755679
112.97020607119185,0,0,-0.6903393592199618,896.0,40.70430444846836,-74.00656089882949,0.36461525221524077
69.02702558461804,0,0,-1.7910351856850366,566.0,40.71626372396144,-73.99504675969592,-0.6489869933251974
92.0,1,0,0.410356467245113,176.0,-34.57646463218685,-58.4518261170774,0.36461525221524077
102.0,0,0,-0.6903393592199618,193.0,-34.6159965555826,-58.37272987756064,-0.6489869933251974
137.96114803924334,0,0,0.8506347978311429,989.0,40.68260115720042,-73.97208646482326,1.378217497755679
87.97926410314037,1,0,-0.4702001939269468,847.0,40.72696690216394,-74.00210080736656,-0.6489869933251974
68.00509115469772,0,0,-1.5708960203920215,531.0,40.66217478092433,-74.0144064921319,-0.6489869933251974
84.0,0,0,-1.1306176898059916,179.0,-34.61048224775981,-58.38728987211947,-0.6489869933251974
69.02702558461804,0,0,0.6304956325381279,509.0,40.72957492541297,-73.9961240151698,-0.6489869933251974
61.0,1,0,2.1714697895892328,113.0,-34.575435747356885,-58.36376395179621,-0.6489869933251974
101.0,1,1,1.2909131284171729,208.0,-34.595625093763424,-58.41054609229916,0.36461525221524077
126.0,0,1,-1.1306176898059916,249.0,-34.63183144849041,-58.364829321639526,0.36461525221524077
77.0166947639951,0,0,0.6304956325381279,572.0,40.70400785134265,-73.9894087988759,-0.6489869933251974
52.95478409587118,0,0,-0.25006102863393187,528.0,40.71443312801463,-74.00625821093001,-0.6489869933251974
107.0,1,0,0.6494433458620965,195.0,-34.52890271735815,-58.37469505593879,-0.6489869933251974
115.0,0,0,-0.5022495135444527,193.0,-34.63411061444167,-58.33158870961887,1.378217497755679
87.0,0,1,-0.9104785245129767,180.0,-34.620409092858985,-58.35747335672553,-0.6489869933251974
71.0,1,0,-0.25006102863393187,134.0,-34.633590061164675,-58.36047515338266,-1.6625892388656356
114.0,0,0,0.8506347978311429,187.0,-34.60717740224344,-58.40737733496344,0.36461525221524077
81.0,1,0,0.8506347978311429,147.0,-34.639826338572504,-58.30554984405091,-0.6489869933251974
56.02058738563215,0,0,-0.4525613780556331,417.0,40.732944212562586,-74.02455497938205,-0.6489869933251974
82.03346378360395,0,0,-1.7910351856850366,654.0,40.7273792148954,-74.02127043190927,-0.6489869933251974
103.0,0,0,-0.4917873412742571,186.0,-34.599744586927486,-58.39379947671696,0.36461525221524077
132.0,0,1,-0.4702001939269468,261.0,-34.60784839104915,-58.359073991527325,1.378217497755679
40.0,1,0,1.5110522937101878,73.0,-34.56739608353399,-58.40228641299996,-1.6625892388656356
104.0,1,0,-0.25006102863393187,209.0,-34.56921555579743,-58.40208313260113,0.36461525221524077
67.0,0,0,-0.4602868180245303,148.0,-34.572271178067,-58.36639781580004,-0.6489869933251974
52.95478409587118,1,0,-0.25006102863393187,496.0,40.67447643738954,-74.01152552754009,-0.6489869933251974
60.01542197532068,0,0,-1.7910351856850366,480.0,40.698759012208,-73.99203743222799,-0.6489869933251974
130.99341328978662,0,1,0.19021730195209804,1090.0,40.72435868555092,-73.97568258492446,1.378217497755679
125.97664427017776,0,0,-1.5708960203920215,980.0,40.68843005900428,-73.97158340423884,1.378217497755679
103.02957116196691,1,0,-0.6903393592199618,978.0,40.75075670903806,-73.9981264532522,0.36461525221524077
42.0,1,0,0.6304956325381279,78.0,-34.63560926414417,-58.36129565721426,-1.6625892388656356
79.0,0,0,-1.5708960203920215,160.0,-34.60034387934314,-58.36228849002888,-1.6625892388656356
80.0,1,1,0.410356467245113,160.0,-34.6437705688864,-58.35923290643547,-0.6489869933251974
99.96376787220595,0,0,-1.3507568550990066,770.0,40.710433595275966,-73.98752440952809,0.36461525221524077
90.0,0,0,-0.029921863340916913,141.0,-34.57182733789378,-58.463168346251294,-0.6489869933251974
187.0,1,0,-0.6903393592199618,366.0,-34.56805075097847,-58.44103643975173,2.391819743296117
103.02957116196691,1,0,0.410356467245113,948.0,40.667752605435815,-73.99236880448588,0.36461525221524077
136.0,0,0,-0.5208114763747963,243.0,-34.609078669532124,-58.39656732958019,1.378217497755679
79.0,1,0,0.8506347978311429,138.0,-34.54445933038013,-58.403145269353296,-0.6489869933251974
66.9831567247774,0,0,-0.4624986778383888,480.0,40.69472291081832,-73.96241099961605,-0.6489869933251974
89.0,1,0,2.1714697895892328,162.0,-34.643522302821005,-58.36371033944879,-1.6625892388656356
66.9831567247774,0,0,0.410356467245113,543.0,40.70877847417853,-74.0085864394681,-0.6489869933251974
98.0,0,0,-0.48730683127298263,165.0,-34.59308177880239,-58.39046834223061,0.36461525221524077
70.0,0,0,-1.1306176898059916,140.0,-34.5872881274836,-58.37338508967595,-0.6489869933251974
65.9612222948571,0,0,0.8506347978311429,469.0,40.74294817810124,-74.00521948189805,-0.6489869933251974
103.95860246189449,0,0,0.19021730195209804,919.0,40.71021738306029,-74.00550965570586,0.36461525221524077
162.0,1,1,0.6007545930882816,337.0,-34.53137544229953,-58.41445893761712,2.391819743296117
113.0,1,0,0.6441820815519326,203.0,-34.64705727289934,-58.38069550450443,0.36461525221524077
93.0,1,0,0.410356467245113,163.0,-34.574171829161386,-58.2978109212357,0.36461525221524077
124.02567854032988,0,0,-1.3507568550990066,978.0,40.71885671532067,-74.0193039134406,1.378217497755679
82.96249508353152,1,1,0.19021730195209804,853.0,40.6666982346088,-74.00861694327051,-0.6489869933251974
40.041249026878035,0,0,0.19021730195209804,308.0,40.702697516519,-74.00304143242535,-1.6625892388656356
91.9740986928289,1,0,1.2909131284171729,843.0,40.68135758549919,-73.98626484697374,0.36461525221524077
55.0,1,0,0.6951057970744032,116.0,-34.59488995836682,-58.37656234566727,-0.6489869933251974
95.96893328251743,0,0,0.6304956325381279,698.0,40.70001106325552,-74.02553363457017,0.36461525221524077
74.0,1,0,1.0707739631241577,151.0,-34.6032804619897,-58.36875524934867,-1.6625892388656356
102.00763673204659,0,0,-1.1306176898059916,785.0,40.68576054724748,-74.00320470508731,0.36461525221524077
237.0,1,0,-0.25006102863393187,501.0,-34.59342681143712,-58.39230264791679,2.391819743296117
51.003818366023296,1,1,0.6304956325381279,528.0,40.71350968671264,-74.0563486250409,-0.6489869933251974
116.03600936095282,0,0,-0.507527891573203,846.0,40.68447102392466,-74.03245159497399,1.378217497755679
87.97926410314037,0,0,0.410356467245113,769.0,40.71447915581684,-74.00351962141636,-0.6489869933251974
116.0,0,0,-1.7910351856850366,217.0,-34.64523898327037,-58.35150426591218,1.378217497755679
114.0,1,1,0.19021730195209804,237.0,-34.657644859525846,-58.41799742716827,0.36461525221524077
153.0114550980699,1,0,-0.029921863340916913,1440.0,40.693414205419046,-73.98624794837947,1.378217497755679
